{
    "0": [
        155.17356591900875,
        450.6566831978601,
        "driving"
    ],
    "1": [
        155.0759650408508,
        450.6566813955466,
        "driving"
    ],
    "2": [
        154.97836416268885,
        450.65667959464207,
        "driving"
    ],
    "3": [
        154.8807632846172,
        450.6566777947521,
        "driving"
    ],
    "4": [
        154.77428980331362,
        450.64557758559425,
        "driving"
    ],
    "5": [
        154.67668892542252,
        450.64557578773326,
        "driving"
    ],
    "6": [
        154.57908804678144,
        450.6455739916187,
        "driving"
    ],
    "7": [
        154.4814871706532,
        450.64557219612664,
        "driving"
    ],
    "8": [
        154.37501368868203,
        450.6344719929182,
        "driving"
    ],
    "9": [
        154.27741281096354,
        450.6344701999042,
        "driving"
    ],
    "10": [
        154.1798119299823,
        450.6344684080141,
        "driving"
    ],
    "11": [
        154.0822110533749,
        450.6344666173119,
        "driving"
    ],
    "12": [
        153.97573757101884,
        450.623366418499,
        "driving"
    ],
    "13": [
        153.8781366924482,
        450.62336463044363,
        "driving"
    ],
    "14": [
        153.7805358139679,
        450.6233628434028,
        "driving"
    ],
    "15": [
        153.68293493492607,
        450.6233610573195,
        "driving"
    ],
    "16": [
        153.57646145236964,
        450.61226086389297,
        "driving"
    ],
    "17": [
        153.47886057341412,
        450.6122590802331,
        "driving"
    ],
    "18": [
        153.3812596948277,
        450.6122572978136,
        "driving"
    ],
    "19": [
        153.28365881567973,
        450.6122555163515,
        "driving"
    ],
    "20": [
        153.17718533236538,
        450.601155326377,
        "driving"
    ],
    "21": [
        153.07958445330377,
        450.6011535473384,
        "driving"
    ],
    "22": [
        152.98198357461118,
        450.60115176954,
        "driving"
    ],
    "23": [
        152.8843826957301,
        450.60114999253057,
        "driving"
    ],
    "24": [
        152.77790900999491,
        450.6011480556863,
        "driving"
    ],
    "25": [
        152.68030833304368,
        450.5900480353047,
        "driving"
    ],
    "26": [
        152.58270745349893,
        450.590046262465,
        "driving"
    ],
    "27": [
        152.48510657656126,
        450.5900444898534,
        "driving"
    ],
    "28": [
        152.37863289062574,
        450.5900425580247,
        "driving"
    ],
    "29": [
        152.28103221263783,
        450.578942541611,
        "driving"
    ],
    "30": [
        152.18343133177768,
        450.57894077288404,
        "driving"
    ],
    "31": [
        152.08583045426664,
        450.57893900545685,
        "driving"
    ],
    "32": [
        151.9793567681307,
        450.5789370786438,
        "driving"
    ],
    "33": [
        151.88175608947915,
        450.5678370671413,
        "driving"
    ],
    "34": [
        151.78415521018943,
        450.56783530298094,
        "driving"
    ],
    "35": [
        151.6865543305227,
        450.5678335403983,
        "driving"
    ],
    "36": [
        151.5800806448382,
        450.5678316186579,
        "driving"
    ],
    "37": [
        151.48247996505572,
        450.5567316111469,
        "driving"
    ],
    "38": [
        151.38487908603284,
        450.55672985143906,
        "driving"
    ],
    "39": [
        151.28727820626,
        450.55672809347766,
        "driving"
    ],
    "40": [
        151.1808045200021,
        450.55672617692164,
        "driving"
    ],
    "41": [
        151.08320384011353,
        450.5456261744025,
        "driving"
    ],
    "42": [
        150.98560296051727,
        450.545624419879,
        "driving"
    ],
    "43": [
        150.8880020810113,
        450.54562266637015,
        "driving"
    ],
    "44": [
        150.7815283942743,
        450.5456207546041,
        "driving"
    ],
    "45": [
        150.68392771372203,
        450.53452075588405,
        "driving"
    ],
    "46": [
        150.58632683374088,
        450.53451900575607,
        "driving"
    ],
    "47": [
        150.48872595683014,
        450.5345172567021,
        "driving"
    ],
    "48": [
        150.38225227017148,
        450.53451535017746,
        "driving"
    ],
    "49": [
        150.28465138999394,
        450.53451360365625,
        "driving"
    ],
    "50": [
        150.1870507066263,
        450.5234136125416,
        "driving"
    ],
    "51": [
        150.08057701911952,
        450.52341170956663,
        "driving"
    ],
    "52": [
        149.98297614172566,
        450.5234099667115,
        "driving"
    ],
    "53": [
        149.88537526181497,
        450.5234082246428,
        "driving"
    ],
    "54": [
        149.78777458011595,
        450.5123082366621,
        "driving"
    ],
    "55": [
        149.6813008929663,
        450.5123063391542,
        "driving"
    ],
    "56": [
        149.58370001285925,
        450.51230460069223,
        "driving"
    ],
    "57": [
        149.48609913349418,
        450.5123028633018,
        "driving"
    ],
    "58": [
        149.3884984501028,
        450.50120288027017,
        "driving"
    ],
    "59": [
        149.28202476312578,
        450.5012009876092,
        "driving"
    ],
    "60": [
        149.18442388356436,
        450.50119925382546,
        "driving"
    ],
    "61": [
        149.08682300334718,
        450.5011975213937,
        "driving"
    ],
    "62": [
        148.9892223201284,
        450.49009754395036,
        "driving"
    ],
    "63": [
        148.88274863229924,
        450.490095656248,
        "driving"
    ],
    "64": [
        148.7851477523529,
        450.4900939268598,
        "driving"
    ],
    "65": [
        148.68754687202963,
        450.4900921990493,
        "driving"
    ],
    "66": [
        148.5899461881472,
        450.47899222577576,
        "driving"
    ],
    "67": [
        148.48347250011767,
        450.4789903430891,
        "driving"
    ],
    "68": [
        148.38587162267225,
        450.4789886185502,
        "driving"
    ],
    "69": [
        148.28827073991454,
        450.4789868953585,
        "driving"
    ],
    "70": [
        148.19067005499548,
        450.4678869260528,
        "driving"
    ],
    "71": [
        148.08419636741735,
        450.46788504843875,
        "driving"
    ],
    "72": [
        147.98659548939855,
        450.46788332908426,
        "driving"
    ],
    "73": [
        147.88899460933027,
        450.46788160995305,
        "driving"
    ],
    "74": [
        147.7913939238378,
        450.456781645461,
        "driving"
    ],
    "75": [
        147.68492023596505,
        450.45677977325704,
        "driving"
    ],
    "76": [
        147.58731935560607,
        450.45677805812693,
        "driving"
    ],
    "77": [
        147.48971847468562,
        450.4567763439544,
        "driving"
    ],
    "78": [
        147.39211759413422,
        450.4567746310221,
        "driving"
    ],
    "79": [
        147.2856441006449,
        450.44567451639637,
        "driving"
    ],
    "80": [
        147.1880432201798,
        450.4456728058875,
        "driving"
    ],
    "81": [
        147.090442339432,
        450.4456710965619,
        "driving"
    ],
    "82": [
        146.99284145877445,
        450.44566938825085,
        "driving"
    ],
    "83": [
        146.88636796508078,
        450.4345692804204,
        "driving"
    ],
    "84": [
        146.7887670842308,
        450.43456757430715,
        "driving"
    ],
    "85": [
        146.6911662027251,
        450.43456586954574,
        "driving"
    ],
    "86": [
        146.59356532196142,
        450.43456416585593,
        "driving"
    ],