{
    "0": [
        163.96605655071,
        454.684448346494,
        ""
    ],
    "1": [
        163.875139515781,
        454.642805907088,
        ""
    ],
    "2": [
        163.784222480852,
        454.601163467682,
        ""
    ],
    "3": [
        163.693305445923,
        454.559521028276,
        ""
    ],
    "4": [
        163.602388410993,
        454.51787858887,
        ""
    ],
    "5": [
        163.511471376064,
        454.476236149464,
        ""
    ],
    "6": [
        163.420554341135,
        454.434593710058,
        ""
    ],
    "7": [
        163.329637306206,
        454.392951270652,
        ""
    ],
    "8": [
        163.238720271277,
        454.351308831246,
        ""
    ],
    "9": [
        163.147803236347,
        454.30966639184,
        ""
    ],
    "10": [
        163.056886201418,
        454.268023952434,
        ""
    ],
    "11": [
        162.965969166489,
        454.226381513028,
        ""
    ],
    "12": [
        162.87505213156,
        454.184739073622,
        ""
    ],
    "13": [
        162.784135096631,
        454.143096634216,
        ""
    ],
    "14": [
        162.693218061702,
        454.101454194809,
        ""
    ],
    "15": [
        162.602301026772,
        454.059811755403,
        ""
    ],
    "16": [
        162.511383991843,
        454.018169315997,
        ""
    ],
    "17": [
        162.420466956914,
        453.976526876591,
        ""
    ],
    "18": [
        162.329549921985,
        453.934884437185,
        ""
    ],
    "19": [
        162.238632887056,
        453.893241997779,
        ""
    ],
    "20": [
        162.147715852126,
        453.851599558373,
        ""
    ],
    "21": [
        162.056798817197,
        453.809957118967,
        ""
    ],
    "22": [
        161.965881782268,
        453.768314679561,
        ""
    ],
    "23": [
        161.874964747339,
        453.726672240155,
        ""
    ],
    "24": [
        161.78404771241,
        453.685029800749,
        ""
    ],
    "25": [
        161.69313067748,
        453.643387361343,
        ""
    ],
    "26": [
        161.602213642551,
        453.601744921937,
        ""
    ],
    "27": [
        161.511296607622,
        453.560102482531,
        ""
    ],
    "28": [
        161.420379572693,
        453.518460043125,
        ""
    ],
    "29": [
        161.329462537764,
        453.476817603719,
        ""
    ],
    "30": [
        161.238545502834,
        453.435175164313,
        ""
    ],
    "31": [
        161.147628467905,
        453.393532724907,
        ""
    ],
    "32": [
        161.056711432976,
        453.351890285501,
        ""
    ],
    "33": [
        160.965794398047,
        453.310247846095,
        ""
    ],
    "34": [
        160.874877363118,
        453.268605406689,
        ""
    ],
    "35": [
        160.783960328189,
        453.226962967283,
        ""
    ],
    "36": [
        160.693043293259,
        453.185320527877,
        ""
    ],
    "37": [
        160.60212625833,
        453.143678088471,
        ""
    ],
    "38": [
        160.511209223401,
        453.102035649065,
        ""
    ],
    "39": [
        160.420292188472,
        453.060393209659,
        ""
    ],
    "40": [
        160.329375153543,
        453.018750770253,
        ""
    ],
    "41": [
        160.238458118613,
        452.977108330847,
        ""
    ],
    "42": [
        160.147541083684,
        452.935465891441,
        ""
    ],
    "43": [
        160.056624048755,
        452.893823452035,
        ""
    ],
    "44": [
        159.965707013826,
        452.852181012629,
        ""
    ],
    "45": [
        159.874789978897,
        452.810538573223,
        ""
    ],
    "46": [
        159.783872943967,
        452.768896133817,
        ""
    ],
    "47": [
        159.692955909038,
        452.727253694411,
        ""
    ],
    "48": [
        159.602038874109,
        452.685611255005,
        ""
    ],
    "49": [
        159.51112183918,
        452.643968815599,
        ""
    ],
    "50": [
        159.420204804251,
        452.602326376193,
        ""
    ],
    "51": [
        159.329287769321,
        452.560683936787,
        ""
    ],
    "52": [
        159.238370734392,
        452.519041497381,
        ""
    ],
    "53": [
        159.147453699463,
        452.477399057975,
        ""
    ],
    "54": [
        159.056536664534,
        452.435756618568,
        ""
    ],
    "55": [
        158.965619629605,
        452.394114179162,
        ""
    ],
    "56": [
        158.874702594676,
        452.352471739756,
        ""
    ],
    "57": [
        158.783785559746,
        452.31082930035,
        ""
    ],
    "58": [
        158.692868524817,
        452.269186860944,
        ""
    ],
    "59": [
        158.601951489888,
        452.227544421538,
        ""
    ],
    "60": [
        158.511034454959,
        452.185901982132,
        ""
    ],
    "61": [
        158.42011742003,
        452.144259542726,
        ""
    ],
    "62": [
        158.3292003851,
        452.10261710332,
        ""
    ],
    "63": [
        158.238283350171,
        452.060974663914,
        ""
    ],
    "64": [
        158.147366315242,
        452.019332224508,
        ""
    ],
    "65": [
        158.056449280313,
        451.977689785102,
        ""
    ],
    "66": [
        157.965532245384,
        451.936047345696,
        ""
    ],
    "67": [
        157.874615210454,
        451.89440490629,
        ""
    ],
    "68": [
        157.783698175525,
        451.852762466884,
        ""
    ],
    "69": [
        157.692781140596,
        451.811120027478,
        ""
    ],
    "70": [
        157.601864105667,
        451.769477588072,
        ""
    ],
    "71": [
        157.510947070738,
        451.727835148666,
        ""
    ],
    "72": [
        157.420030035808,
        451.68619270926,
        ""
    ],
    "73": [
        157.329113000879,
        451.644550269854,
        ""
    ],
    "74": [
        157.23819596595,
        451.602907830448,
        ""
    ],
    "75": [
        157.147278931021,
        451.561265391042,
        ""
    ],
    "76": [
        157.056361896092,
        451.519622951636,
        ""
    ],
    "77": [
        156.965444861163,
        451.47798051223,
        ""
    ],
    "78": [
        156.874527826233,
        451.436338072824,
        ""
    ],
    "79": [
        156.783610791304,
        451.394695633418,
        ""
    ],
    "80": [
        156.692693756375,
        451.353053194012,
        ""
    ],
    "81": [
        156.601776721446,
        451.311410754606,
        ""
    ],
    "82": [
        156.510859686517,
        451.2697683152,
        ""
    ],
    "83": [
        156.419942651587,
        451.228125875794,
        ""
    ],
    "84": [
        156.329025616658,
        451.186483436388,
        ""
    ],
    "85": [
        156.238108581729,
        451.144840996982,
        ""
    ],
    "86": [
        156.1471915468,
        451.103198557576,
        ""
    ],
    "87": [
        156.056274511871,
        451.06155611817,
        ""
    ],
    "88": [
        155.965357476941,
        451.019913678764,
        ""
    ],
    "89": [
        155.874440442012,
        450.978271239358,
        ""
    ],
    "90": [
        155.783523407083,
        450.936628799952,
        ""
    ],
    "91": [
        155.692606372154,
        450.894986360546,
        ""
    ],
    "92": [
        155.601689337225,
        450.853343921139,
        ""
    ],
    "93": [
        155.510772302296,
        450.811701481733,
        ""
    ],
    "94": [
        155.419855267366,
        450.770059042327,
        ""
    ],
    "95": [
        155.328938232437,
        450.728416602921,
        ""
    ],
    "96": [
        155.238021197508,
        450.686774163515,
        ""
    ]
}
