{
    "0": [
        147.732054206883,
        441.525356928182,
        ""
    ],
    "1": [
        147.831838092839,
        441.531927780759,
        ""
    ],
    "2": [
        147.931621978794,
        441.538498633335,
        ""
    ],
    "3": [
        148.03140586475,
        441.545069485912,
        ""
    ],
    "4": [
        148.131189750706,
        441.551640338488,
        ""
    ],
    "5": [
        148.230973636661,
        441.558211191065,
        ""
    ],
    "6": [
        148.330757522617,
        441.564782043642,
        ""
    ],
    "7": [
        148.430541408573,
        441.571352896218,
        ""
    ],
    "8": [
        148.530325294528,
        441.577923748795,
        ""
    ],
    "9": [
        148.630109180484,
        441.584494601371,
        ""
    ],
    "10": [
        148.72989306644,
        441.591065453948,
        ""
    ],
    "11": [
        148.829676952395,
        441.597636306524,
        ""
    ],
    "12": [
        148.929460838351,
        441.604207159101,
        ""
    ],
    "13": [
        149.029244724307,
        441.610778011677,
        ""
    ],
    "14": [
        149.129028610263,
        441.617348864254,
        ""
    ],
    "15": [
        149.228812496218,
        441.62391971683,
        ""
    ],
    "16": [
        149.328596382174,
        441.630490569407,
        ""
    ],
    "17": [
        149.42838026813,
        441.637061421983,
        ""
    ],
    "18": [
        149.528164154085,
        441.64363227456,
        ""
    ],
    "19": [
        149.627948040041,
        441.650203127136,
        ""
    ],
    "20": [
        149.727731925997,
        441.656773979713,
        ""
    ],
    "21": [
        149.827515811952,
        441.663344832289,
        ""
    ],
    "22": [
        149.927299697908,
        441.669915684866,
        ""
    ],
    "23": [
        150.027083583864,
        441.676486537442,
        ""
    ],
    "24": [
        150.126867469819,
        441.683057390019,
        ""
    ],
    "25": [
        150.226651355775,
        441.689628242596,
        ""
    ],
    "26": [
        150.326435241731,
        441.696199095172,
        ""
    ],
    "27": [
        150.426219127687,
        441.702769947749,
        ""
    ],
    "28": [
        150.526003013642,
        441.709340800325,
        ""
    ],
    "29": [
        150.625786899598,
        441.715911652902,
        ""
    ],
    "30": [
        150.725570785554,
        441.722482505478,
        ""
    ],
    "31": [
        150.825354671509,
        441.729053358055,
        ""
    ],
    "32": [
        150.925138557465,
        441.735624210631,
        ""
    ],
    "33": [
        151.024922443421,
        441.742195063208,
        ""
    ],
    "34": [
        151.124706329376,
        441.748765915784,
        ""
    ],
    "35": [
        151.224490215332,
        441.755336768361,
        ""
    ],
    "36": [
        151.324274101288,
        441.761907620937,
        ""
    ],
    "37": [
        151.424057987243,
        441.768478473514,
        ""
    ],
    "38": [
        151.523841873199,
        441.77504932609,
        ""
    ],
    "39": [
        151.623625759155,
        441.781620178667,
        ""
    ],
    "40": [
        151.72340964511,
        441.788191031243,
        ""
    ],
    "41": [
        151.823193531066,
        441.79476188382,
        ""
    ],
    "42": [
        151.922977417022,
        441.801332736396,
        ""
    ],
    "43": [
        152.022761302977,
        441.807903588973,
        ""
    ],
    "44": [
        152.122545188933,
        441.81447444155,
        ""
    ],
    "45": [
        152.222329074889,
        441.821045294126,
        ""
    ],
    "46": [
        152.322112960845,
        441.827616146703,
        ""
    ],
    "47": [
        152.4218968468,
        441.834186999279,
        ""
    ],
    "48": [
        152.521680732756,
        441.840757851856,
        ""
    ],
    "49": [
        152.621464618712,
        441.847328704432,
        ""
    ],
    "50": [
        152.721248504667,
        441.853899557009,
        ""
    ],
    "51": [
        152.821032390623,
        441.860470409585,
        ""
    ],
    "52": [
        152.920816276579,
        441.867041262162,
        ""
    ],
    "53": [
        153.020600162534,
        441.873612114738,
        ""
    ],
    "54": [
        153.12038404849,
        441.880182967315,
        ""
    ],
    "55": [
        153.220167934446,
        441.886753819891,
        ""
    ],
    "56": [
        153.319951820401,
        441.893324672468,
        ""
    ],
    "57": [
        153.419735706357,
        441.899895525044,
        ""
    ],
    "58": [
        153.519519592313,
        441.906466377621,
        ""
    ],
    "59": [
        153.619303478268,
        441.913037230197,
        ""
    ],
    "60": [
        153.719087364224,
        441.919608082774,
        ""
    ],
    "61": [
        153.81887125018,
        441.926178935351,
        ""
    ],
    "62": [
        153.918655136136,
        441.932749787927,
        ""
    ],
    "63": [
        154.018439022091,
        441.939320640504,
        ""
    ],
    "64": [
        154.118222908047,
        441.94589149308,
        ""
    ],
    "65": [
        154.218006794003,
        441.952462345657,
        ""
    ],
    "66": [
        154.317790679958,
        441.959033198233,
        ""
    ],
    "67": [
        154.417574565914,
        441.96560405081,
        ""
    ],
    "68": [
        154.51735845187,
        441.972174903386,
        ""
    ],
    "69": [
        154.617142337825,
        441.978745755963,
        ""
    ],
    "70": [
        154.716926223781,
        441.985316608539,
        ""
    ],
    "71": [
        154.816710109737,
        441.991887461116,
        ""
    ],
    "72": [
        154.916493995692,
        441.998458313692,
        ""
    ],
    "73": [
        155.016277881648,
        442.005029166269,
        ""
    ],
    "74": [
        155.116061767604,
        442.011600018845,
        ""
    ],
    "75": [
        155.215845653559,
        442.018170871422,
        ""
    ],
    "76": [
        155.315629539515,
        442.024741723998,
        ""
    ],
    "77": [
        155.415413425471,
        442.031312576575,
        ""
    ],
    "78": [
        155.515197311427,
        442.037883429151,
        ""
    ],
    "79": [
        155.614981197382,
        442.044454281728,
        ""
    ],
    "80": [
        155.714765083338,
        442.051025134305,
        ""
    ],
    "81": [
        155.814548969294,
        442.057595986881,
        ""
    ],
    "82": [
        155.914332855249,
        442.064166839458,
        ""
    ],
    "83": [
        156.014116741205,
        442.070737692034,
        ""
    ],
    "84": [
        156.113900627161,
        442.077308544611,
        ""
    ],
    "85": [
        156.213684513116,
        442.083879397187,
        ""
    ],
    "86": [
        156.313468399072,
        442.090450249764,
        ""
    ],
    "87": [
        156.413252285028,
        442.09702110234,
        ""
    ],
    "88": [
        156.513036170983,
        442.103591954917,
        ""
    ],
    "89": [
        156.612820056939,
        442.110162807493,
        ""
    ],
    "90": [
        156.712603942895,
        442.11673366007,
        ""
    ],
    "91": [
        156.81238782885,
        442.123304512646,
        ""
    ],
    "92": [
        156.912171714806,
        442.129875365223,
        ""
    ],
    "93": [
        157.011955600762,
        442.136446217799,
        ""
    ],
    "94": [
        157.111739486718,
        442.143017070376,
        ""
    ],
    "95": [
        157.211523372673,
        442.149587922952,
        ""
    ],
    "96": [
        157.311307258629,
        442.156158775529,
        ""
    ],