{
    "0": [
        142.851940888957,
        445.964560747636,
        ""
    ],
    "1": [
        142.925914241525,
        445.897270754994,
        ""
    ],
    "2": [
        142.999887594093,
        445.829980762351,
        ""
    ],
    "3": [
        143.073860946661,
        445.762690769709,
        ""
    ],
    "4": [
        143.147834299229,
        445.695400777066,
        ""
    ],
    "5": [
        143.221807651797,
        445.628110784424,
        ""
    ],
    "6": [
        143.295781004365,
        445.560820791781,
        ""
    ],
    "7": [
        143.369754356934,
        445.493530799138,
        ""
    ],
    "8": [
        143.443727709502,
        445.426240806496,
        ""
    ],
    "9": [
        143.51770106207,
        445.358950813853,
        ""
    ],
    "10": [
        143.591674414638,
        445.291660821211,
        ""
    ],
    "11": [
        143.665647767206,
        445.224370828568,
        ""
    ],
    "12": [
        143.739621119774,
        445.157080835926,
        ""
    ],
    "13": [
        143.813594472342,
        445.089790843283,
        ""
    ],
    "14": [
        143.88756782491,
        445.022500850641,
        ""
    ],
    "15": [
        143.961541177478,
        444.955210857998,
        ""
    ],
    "16": [
        144.035514530046,
        444.887920865355,
        ""
    ],
    "17": [
        144.109487882615,
        444.820630872713,
        ""
    ],
    "18": [
        144.183461235183,
        444.75334088007,
        ""
    ],
    "19": [
        144.257434587751,
        444.686050887428,
        ""
    ],
    "20": [
        144.331407940319,
        444.618760894785,
        ""
    ],
    "21": [
        144.405381292887,
        444.551470902143,
        ""
    ],
    "22": [
        144.479354645455,
        444.4841809095,
        ""
    ],
    "23": [
        144.553327998023,
        444.416890916857,
        ""
    ],
    "24": [
        144.627301350591,
        444.349600924215,
        ""
    ],
    "25": [
        144.701274703159,
        444.282310931572,
        ""
    ],
    "26": [
        144.775248055727,
        444.21502093893,
        ""
    ],
    "27": [
        144.849221408296,
        444.147730946287,
        ""
    ],
    "28": [
        144.923194760864,
        444.080440953645,
        ""
    ],
    "29": [
        144.997168113432,
        444.013150961002,
        ""
    ],
    "30": [
        145.071141466,
        443.94586096836,
        ""
    ],
    "31": [
        145.145114818568,
        443.878570975717,
        ""
    ],
    "32": [
        145.219088171136,
        443.811280983074,
        ""
    ],
    "33": [
        145.293061523704,
        443.743990990432,
        ""
    ],
    "34": [
        145.367034876272,
        443.676700997789,
        ""
    ],
    "35": [
        145.44100822884,
        443.609411005147,
        ""
    ],
    "36": [
        145.514981581408,
        443.542121012504,
        ""
    ],
    "37": [
        145.588954933976,
        443.474831019862,
        ""
    ],
    "38": [
        145.662928286545,
        443.407541027219,
        ""
    ],
    "39": [
        145.736901639113,
        443.340251034576,
        ""
    ],
    "40": [
        145.810874991681,
        443.272961041934,
        ""
    ],
    "41": [
        145.884848344249,
        443.205671049291,
        ""
    ],
    "42": [
        145.958821696817,
        443.138381056649,
        ""
    ],
    "43": [
        146.032795049385,
        443.071091064006,
        ""
    ],
    "44": [
        146.106768401953,
        443.003801071364,
        ""
    ],
    "45": [
        146.180741754521,
        442.936511078721,
        ""
    ],
    "46": [
        146.254715107089,
        442.869221086079,
        ""
    ],
    "47": [
        146.328688459657,
        442.801931093436,
        ""
    ],
    "48": [
        146.402661812226,
        442.734641100793,
        ""
    ],
    "49": [
        146.476635164794,
        442.667351108151,
        ""
    ],
    "50": [
        146.550608517362,
        442.600061115508,
        ""
    ],
    "51": [
        146.62458186993,
        442.532771122866,
        ""
    ],
    "52": [
        146.698555222498,
        442.465481130223,
        ""
    ],
    "53": [
        146.772528575066,
        442.398191137581,
        ""
    ],
    "54": [
        146.846501927634,
        442.330901144938,
        ""
    ],
    "55": [
        146.920475280202,
        442.263611152295,
        ""
    ],
    "56": [
        146.99444863277,
        442.196321159653,
        ""
    ],
    "57": [
        147.068421985338,
        442.12903116701,
        ""
    ],
    "58": [
        147.142395337907,
        442.061741174368,
        ""
    ],
    "59": [
        147.216368690475,
        441.994451181725,
        ""
    ],
    "60": [
        147.290342043043,
        441.927161189083,
        ""
    ],
    "61": [
        147.364315395611,
        441.85987119644,
        ""
    ],
    "62": [
        147.438288748179,
        441.792581203798,
        ""
    ],
    "63": [
        147.512262100747,
        441.725291211155,
        ""
    ],
    "64": [
        147.586235453315,
        441.658001218512,
        ""
    ],
    "65": [
        147.660208805883,
        441.59071122587,
        ""
    ]
}
