{
    "0": [
        161.780630192785,
        442.450467439057,
        ""
    ],
    "1": [
        161.881308310204,
        442.44531822489,
        ""
    ],
    "2": [
        161.981979043586,
        442.440134577114,
        ""
    ],
    "3": [
        162.082635008893,
        442.434882062122,
        ""
    ],
    "4": [
        162.183268822088,
        442.429526246306,
        ""
    ],
    "5": [
        162.283873099132,
        442.424032696057,
        ""
    ],
    "6": [
        162.38444045599,
        442.418366977766,
        ""
    ],
    "7": [
        162.484963508622,
        442.412494657827,
        ""
    ],
    "8": [
        162.585434872993,
        442.40638130263,
        ""
    ],
    "9": [
        162.685847165064,
        442.399992478567,
        ""
    ],
    "10": [
        162.786193000797,
        442.39329375203,
        ""
    ],
    "11": [
        162.886464996156,
        442.386250689411,
        ""
    ],
    "12": [
        162.986655767103,
        442.378828857102,
        ""
    ],
    "13": [
        163.086757929601,
        442.370993821494,
        ""
    ],
    "14": [
        163.186764099612,
        442.362711148979,
        ""
    ],
    "15": [
        163.286666893098,
        442.353946405949,
        ""
    ],
    "16": [
        163.386458926022,
        442.344665158796,
        ""
    ],
    "17": [
        163.486132814347,
        442.334832973912,
        ""
    ],
    "18": [
        163.585681174035,
        442.324415417688,
        ""
    ],
    "19": [
        163.685096621049,
        442.313378056516,
        ""
    ],
    "20": [
        163.784371771351,
        442.301686456788,
        ""
    ],
    "21": [
        163.883499240905,
        442.289306184895,
        ""
    ],
    "22": [
        163.982471645671,
        442.27620280723,
        ""
    ],
    "23": [
        164.081281601613,
        442.262341890185,
        ""
    ],
    "24": [
        164.179921724694,
        442.24768900015,
        ""
    ],
    "25": [
        164.278384630876,
        442.232209703518,
        ""
    ],
    "26": [
        164.376662936121,
        442.215869566681,
        ""
    ],
    "27": [
        164.474749256393,
        442.19863415603,
        ""
    ],
    "28": [
        164.572636207653,
        442.180469037958,
        ""
    ],
    "29": [
        164.670316405864,
        442.161339778855,
        ""
    ],
    "30": [
        164.767782466989,
        442.141211945114,
        ""
    ],
    "31": [
        164.86502700699,
        442.120051103127,
        ""
    ],
    "32": [
        164.96204264183,
        442.097822819285,
        ""
    ],
    "33": [
        165.058822016996,
        442.074492855694,
        ""
    ],
    "34": [
        165.155361121956,
        442.050049141696,
        ""
    ],
    "35": [
        165.251662321331,
        442.024521867442,
        ""
    ],
    "36": [
        165.347728695816,
        441.997945969942,
        ""
    ],
    "37": [
        165.443563326106,
        441.970356386205,
        ""
    ],
    "38": [
        165.539169292895,
        441.941788053242,
        ""
    ],
    "39": [
        165.634549676879,
        441.912275908063,
        ""
    ],
    "40": [
        165.729707558753,
        441.881854887677,
        ""
    ],
    "41": [
        165.824646019213,
        441.850559929095,
        ""
    ],
    "42": [
        165.919368138952,
        441.818425969325,
        ""
    ],
    "43": [
        166.013876998667,
        441.785487945379,
        ""
    ],
    "44": [
        166.108175679051,
        441.751780794266,
        ""
    ],
    "45": [
        166.202267260801,
        441.717339452995,
        ""
    ],
    "46": [
        166.296154824612,
        441.682198858578,
        ""
    ],
    "47": [
        166.389841451177,
        441.646393948023,
        ""
    ],
    "48": [
        166.483330221194,
        441.609959658341,
        ""
    ],
    "49": [
        166.576624215355,
        441.572930926541,
        ""
    ],
    "50": [
        166.669726514358,
        441.535342689633,
        ""
    ],
    "51": [
        166.762640198896,
        441.497229884628,
        ""
    ],
    "52": [
        166.855368349665,
        441.458627448535,
        ""
    ],
    "53": [
        166.947914047359,
        441.419570318364,
        ""
    ],
    "54": [
        167.040280372675,
        441.380093431125,
        ""
    ],
    "55": [
        167.132470406306,
        441.340231723827,
        ""
    ],
    "56": [
        167.224487228949,
        441.300020133482,
        ""
    ],
    "57": [
        167.316333921297,
        441.259493597098,
        ""
    ],
    "58": [
        167.408013564047,
        441.218687051686,
        ""
    ],
    "59": [
        167.499529237893,
        441.177635434255,
        ""
    ],
    "60": [
        167.590883979882,
        441.13637289237,
        ""
    ],
    "61": [
        167.68207966585,
        441.09491257132,
        ""
    ],
    "62": [
        167.773116915664,
        441.053244900272,
        ""
    ],
    "63": [
        167.863996286554,
        441.011359175518,
        ""
    ],
    "64": [
        167.954718335752,
        440.96924469335,
        ""
    ],
    "65": [
        168.045283620488,
        440.926890750061,
        ""
    ],
    "66": [
        168.135692697993,
        440.884286641942,
        ""
    ],
    "67": [
        168.225946125496,
        440.841421665286,
        ""
    ],
    "68": [
        168.316044460229,
        440.798285116384,
        ""
    ],
    "69": [
        168.405988259423,
        440.75486629153,
        ""
    ],
    "70": [
        168.495778080308,
        440.711154487015,
        ""
    ],
    "71": [
        168.585414480115,
        440.66713899913,
        ""
    ],
    "72": [
        168.674898016073,
        440.62280912417,
        ""
    ],
    "73": [
        168.764229245415,
        440.578154158424,
        ""
    ],
    "74": [
        168.853408725371,
        440.533163398186,
        ""
    ],
    "75": [
        168.94243701317,
        440.487826139749,
        ""
    ],
    "76": [
        169.031314666045,
        440.442131679402,
        ""
    ],
    "77": [
        169.120042241225,
        440.39606931344,
        ""
    ],
    "78": [
        169.20862029594,
        440.349628338155,
        ""
    ],
    "79": [
        169.297049387423,
        440.302798049837,
        ""
    ],
    "80": [
        169.385330072903,
        440.25556774478,
        ""
    ],
    "81": [
        169.473462909611,
        440.207926719276,
        ""
    ],
    "82": [
        169.561448454778,
        440.159864269616,
        ""
    ],
    "83": [
        169.649287265633,
        440.111369692093,
        ""
    ],
    "84": [
        169.736979899409,
        440.062432282999,
        ""
    ],
    "85": [
        169.824525825021,
        440.013041378001,
        ""
    ],
    "86": [
        169.911911851365,
        439.9631867708,
        ""
    ],
    "87": [
        169.999116615603,
        439.912858550745,
        ""
    ],
    "88": [
        170.086118618522,
        439.862046812121,
        ""
    ],
    "89": [
        170.172896360911,
        439.810741649211,
        ""
    ],
    "90": [
        170.259428343557,
        439.7589331563,
        ""
    ],
    "91": [
        170.345693067248,
        439.706611427673,
        ""
    ],
    "92": [
        170.431669032772,
        439.653766557612,
        ""
    ],
    "93": [
        170.517334740916,
        439.600388640402,
        ""
    ],
    "94": [
        170.60266869247,
        439.546467770327,
        ""
    ],
    "95": [
        170.687649388219,
        439.491994041672,
        ""
    ],
    "96": [
        170.772255328953,
        439.43695754872,
        ""
    ],