{
    "0": [
        140.545881095687,
        449.458310117494,
        ""
    ],
    "1": [
        140.488790095558,
        449.37624147298,
        ""
    ],
    "2": [
        140.434796234872,
        449.292454388281,
        ""
    ],
    "3": [
        140.38418107176,
        449.206792641561,
        ""
    ],
    "4": [
        140.337226164353,
        449.119100010985,
        ""
    ],
    "5": [
        140.294213070782,
        449.029220274719,
        ""
    ],
    "6": [
        140.25542334918,
        448.936997210928,
        ""
    ],
    "7": [
        140.221138557675,
        448.842274597776,
        ""
    ],
    "8": [
        140.191640254401,
        448.744896213429,
        ""
    ],
    "9": [
        140.167174446184,
        448.644798425067,
        ""
    ],
    "10": [
        140.147817372435,
        448.542359738303,
        ""
    ],
    "11": [
        140.133594654739,
        448.438090486679,
        ""
    ],
    "12": [
        140.12453190595,
        448.332501026477,
        ""
    ],
    "13": [
        140.12065473892,
        448.226101713977,
        ""
    ],
    "14": [
        140.121988766503,
        448.119402905463,
        ""
    ],
    "15": [
        140.128559601551,
        448.012914957217,
        ""
    ],
    "16": [
        140.140392856918,
        447.907148225521,
        ""
    ],
    "17": [
        140.157514145456,
        447.802613066656,
        ""
    ],
    "18": [
        140.179949080019,
        447.699819836904,
        ""
    ],
    "19": [
        140.207723273459,
        447.599278892549,
        ""
    ],
    "20": [
        140.240862338629,
        447.501500589871,
        ""
    ],
    "21": [
        140.279391888383,
        447.406995285154,
        ""
    ],
    "22": [
        140.323337535574,
        447.316273334678,
        ""
    ],
    "23": [
        140.372724893054,
        447.229845094726,
        ""
    ],
    "24": [
        140.427579573677,
        447.14822092158,
        ""
    ],
    "25": [
        140.487927187618,
        447.071911165932,
        ""
    ],
    "26": [
        140.553711606719,
        447.001255465994,
        ""
    ],
    "27": [
        140.624580575216,
        446.935974990363,
        ""
    ],
    "28": [
        140.700114797663,
        446.875650893642,
        ""
    ],
    "29": [
        140.779894978611,
        446.819864330432,
        ""
    ],
    "30": [
        140.863501822613,
        446.768196455339,
        ""
    ],
    "31": [
        140.950516034222,
        446.720228422965,
        ""
    ],
    "32": [
        141.040518317991,
        446.675541387912,
        ""
    ],
    "33": [
        141.13308937847,
        446.633716504784,
        ""
    ],
    "34": [
        141.227809920215,
        446.594334928184,
        ""
    ],
    "35": [
        141.324260647775,
        446.556977812716,
        ""
    ],
    "36": [
        141.422022265706,
        446.521226312982,
        ""
    ],
    "37": [
        141.520675478558,
        446.486661583585,
        ""
    ],
    "38": [
        141.619800990884,
        446.452864779128,
        ""
    ],
    "39": [
        141.718979507237,
        446.419417054215,
        ""
    ],
    "40": [
        141.81779173217,
        446.385899563448,
        ""
    ],
    "41": [
        141.915818370234,
        446.351893461432,
        ""
    ],
    "42": [
        142.012651747704,
        446.316990880111,
        ""
    ],
    "43": [
        142.108154751436,
        446.281039510506,
        ""
    ],
    "44": [
        142.202462653033,
        446.244144325737,
        ""
    ],
    "45": [
        142.295722710656,
        446.206421620872,
        ""
    ],
    "46": [
        142.388082182467,
        446.167987690983,
        ""
    ],
    "47": [
        142.479688326629,
        446.128958831138,
        ""
    ],
    "48": [
        142.570688401304,
        446.089451336408,
        ""
    ],
    "49": [
        142.661229664653,
        446.049581501862,
        ""
    ],
    "50": [
        142.751459374839,
        446.009465622571,
        ""
    ],
    "51": [
        142.841524790023,
        445.969219993605,
        ""
    ]
}
