{
    "0": [
        175.977400674503,
        428.208036629155,
        ""
    ],
    "1": [
        175.979219471253,
        428.108053170631,
        ""
    ],
    "2": [
        175.981038268002,
        428.008069712107,
        ""
    ],
    "3": [
        175.982857064752,
        427.908086253583,
        ""
    ],
    "4": [
        175.984675861502,
        427.808102795059,
        ""
    ],
    "5": [
        175.986494658252,
        427.708119336536,
        ""
    ],
    "6": [
        175.988313455001,
        427.608135878012,
        ""
    ],
    "7": [
        175.990132251751,
        427.508152419488,
        ""
    ],
    "8": [
        175.991951048501,
        427.408168960964,
        ""
    ],
    "9": [
        175.993769845251,
        427.30818550244,
        ""
    ],
    "10": [
        175.995588642,
        427.208202043917,
        ""
    ],
    "11": [
        175.99740743875,
        427.108218585393,
        ""
    ],
    "12": [
        175.9992262355,
        427.008235126869,
        ""
    ],
    "13": [
        176.00104503225,
        426.908251668345,
        ""
    ],
    "14": [
        176.002863828999,
        426.808268209821,
        ""
    ],
    "15": [
        176.004682625749,
        426.708284751298,
        ""
    ],
    "16": [
        176.006501422499,
        426.608301292774,
        ""
    ],
    "17": [
        176.008320219249,
        426.50831783425,
        ""
    ],
    "18": [
        176.010139015998,
        426.408334375726,
        ""
    ],
    "19": [
        176.011957812748,
        426.308350917202,
        ""
    ],
    "20": [
        176.013776609498,
        426.208367458678,
        ""
    ],
    "21": [
        176.015595406247,
        426.108384000155,
        ""
    ],
    "22": [
        176.017414202997,
        426.008400541631,
        ""
    ],
    "23": [
        176.019232999747,
        425.908417083107,
        ""
    ],
    "24": [
        176.021051796497,
        425.808433624583,
        ""
    ],
    "25": [
        176.022870593246,
        425.708450166059,
        ""
    ],
    "26": [
        176.024689389996,
        425.608466707536,
        ""
    ],
    "27": [
        176.026508186746,
        425.508483249012,
        ""
    ],
    "28": [
        176.028326983496,
        425.408499790488,
        ""
    ],
    "29": [
        176.030145780245,
        425.308516331964,
        ""
    ],
    "30": [
        176.031964576995,
        425.20853287344,
        ""
    ],
    "31": [
        176.033783373745,
        425.108549414917,
        ""
    ],
    "32": [
        176.035602170495,
        425.008565956393,
        ""
    ],
    "33": [
        176.037420967244,
        424.908582497869,
        ""
    ],
    "34": [
        176.039239763994,
        424.808599039345,
        ""
    ],
    "35": [
        176.041058560744,
        424.708615580821,
        ""
    ],
    "36": [
        176.042877357494,
        424.608632122297,
        ""
    ],
    "37": [
        176.044696154243,
        424.508648663774,
        ""
    ],
    "38": [
        176.046514950993,
        424.40866520525,
        ""
    ],
    "39": [
        176.048333747743,
        424.308681746726,
        ""
    ],
    "40": [
        176.050152544493,
        424.208698288202,
        ""
    ],
    "41": [
        176.051971341242,
        424.108714829678,
        ""
    ],
    "42": [
        176.053790137992,
        424.008731371155,
        ""
    ],
    "43": [
        176.055608934742,
        423.908747912631,
        ""
    ],
    "44": [
        176.057427731492,
        423.808764454107,
        ""
    ],
    "45": [
        176.059246528241,
        423.708780995583,
        ""
    ],
    "46": [
        176.061065324991,
        423.608797537059,
        ""
    ],
    "47": [
        176.062884121741,
        423.508814078535,
        ""
    ],
    "48": [
        176.064702918491,
        423.408830620012,
        ""
    ],
    "49": [
        176.06652171524,
        423.308847161488,
        ""
    ],
    "50": [
        176.06834051199,
        423.208863702964,
        ""
    ],
    "51": [
        176.07015930874,
        423.10888024444,
        ""
    ],
    "52": [
        176.07197810549,
        423.008896785916,
        ""
    ],
    "53": [
        176.073796902239,
        422.908913327393,
        ""
    ],
    "54": [
        176.075615698989,
        422.808929868869,
        ""
    ],
    "55": [
        176.077434495739,
        422.708946410345,
        ""
    ],
    "56": [
        176.079253292489,
        422.608962951821,
        ""
    ],
    "57": [
        176.081072089238,
        422.508979493297,
        ""
    ],
    "58": [
        176.082890885988,
        422.408996034774,
        ""
    ],
    "59": [
        176.084709682738,
        422.30901257625,
        ""
    ],
    "60": [
        176.086528479488,
        422.209029117726,
        ""
    ],
    "61": [
        176.088347276237,
        422.109045659202,
        ""
    ],
    "62": [
        176.090166072987,
        422.009062200678,
        ""
    ],
    "63": [
        176.091984869737,
        421.909078742154,
        ""
    ],
    "64": [
        176.093803666487,
        421.809095283631,
        ""
    ],
    "65": [
        176.095622463236,
        421.709111825107,
        ""
    ],
    "66": [
        176.097441259986,
        421.609128366583,
        ""
    ],
    "67": [
        176.099260056736,
        421.509144908059,
        ""
    ],
    "68": [
        176.101078853486,
        421.409161449535,
        ""
    ],
    "69": [
        176.102897650235,
        421.309177991012,
        ""
    ],
    "70": [
        176.104716446985,
        421.209194532488,
        ""
    ],
    "71": [
        176.106535243735,
        421.109211073964,
        ""
    ],
    "72": [
        176.108354040485,
        421.00922761544,
        ""
    ],
    "73": [
        176.110172837234,
        420.909244156916,
        ""
    ],
    "74": [
        176.111991633984,
        420.809260698392,
        ""
    ],
    "75": [
        176.113810430734,
        420.709277239869,
        ""
    ],
    "76": [
        176.115629227484,
        420.609293781345,
        ""
    ],
    "77": [
        176.117448024233,
        420.509310322821,
        ""
    ],
    "78": [
        176.119266820983,
        420.409326864297,
        ""
    ],
    "79": [
        176.121085617733,
        420.309343405773,
        ""
    ],
    "80": [
        176.122904414483,
        420.20935994725,
        ""
    ],
    "81": [
        176.124723211232,
        420.109376488726,
        ""
    ]
}
