{
    "0": [
        150.5922994516443,
        390.0056055687875
    ],
    "1": [
        20.9523123819101,
        119.5798367580104
    ],
    "2": [
        100.98797285006104,
        93.26278692257763
    ],
    "3": [
        37.634029148211155,
        54.27414264280623
    ],
    "4": [
        33.51666149039878,
        108.96625877723172
    ],
    "5": [
        19.500221057022106,
        59.67152550804163
    ],
    "6": [
        23.70318561394745,
        44.22648451989905
    ],
    "7": [
        44.77678269286679,
        81.70903001909753
    ],
    "8": [
        77.04173655314419,
        161.68689557200932
    ],
    "9": [
        70.46765604742964,
        130.63247574859065
    ],
    "10": [
        57.57750171065013,
        119.83156818555436
    ],
    "11": [
        30.19235204451485,
        67.62529666762056
    ],
    "12": [
        113.91946989793297,
        500.3169844695408
    ],
    "13": [
        58.22196533021389,
        378.642627852518
    ],
    "14": [
        63.51000854540168,
        399.75708025221246
    ],
    "15": [
        66.91572845532829,
        394.4243990449384
    ],
    "16": [
        136.2049061799629,
        397.9017624820381
    ],
    "17": [
        117.16752929237519,
        362.64115913680763
    ],
    "18": [
        108.74946507029367,
        422.8940603597001
    ],
    "19": [
        97.0198185934189,
        510.9932872193326
    ],
    "20": [
        52.91455714187773,
        375.4943901827321
    ],
    "21": [
        46.19690914550422,
        407.86423681297504
    ],
    "22": [
        96.9900610645491,
        270.5941671653921
    ],
    "23": [
        116.614819501369,
        257.29502121003867
    ],
    "24": [
        107.450924059705,
        527.7221746322789
    ],
    "25": [
        5.412168184407666,
        727.9857215547236
    ],
    "26": [
        -23.890529839696438,
        750.674281066675
    ],
    "27": [
        27.50448879819673,
        756.4379846908861
    ],
    "28": [
        2.3393198638121837,
        804.4600814485417
    ],
    "29": [
        9.079353485546818,
        817.0344072761069
    ],
    "30": [
        -8.050222748039289,
        812.824468651212
    ],
    "31": [
        59.627532507106146,
        904.4481657149754
    ],
    "32": [
        95.94784857712425,
        886.5470166933236
    ],
    "33": [
        -120.15944156870938,
        -1322.72677198563
    ],
    "34": [
        -170.84092511817323,
        -86.08364252592371
    ],
    "35": [
        -165.42601833283476,
        -125.35671646305185
    ],
    "36": [
        -149.9633218857721,
        -325.05126992788814
    ],
    "37": [
        -151.63640745225123,
        -102.3836240565073
    ],
    "38": [
        -144.7816137078379,
        -351.4725572945774
    ],
    "39": [
        -158.98212665027083,
        -341.02146356326216
    ],
    "40": [
        -493.3224532321092,
        894.0485769212386
    ],
    "41": [
        -148.87560427011593,
        -368.69694466513096
    ],
    "42": [
        -164.72117953840595,
        975.589388771448
    ],
    "43": [
        -56.67268076806899,
        970.4642699242813
    ],
    "44": [
        -159.23962207954796,
        118.61947223672279
    ],
    "45": [
        157.13200697988472,
        -345.39975175755205
    ],
    "46": [
        170.87317688924963,
        -365.9256671917211
    ],
    "47": [
        -134.5389572585758,
        -378.36744763257644
    ],
    "48": [
        -156.7497313760605,
        -383.37791505047664
    ],
    "49": [
        -143.29151645603022,
        -390.571660102064
    ],
    "50": [
        -85.10698240442682,
        -380.93548515328393
    ],
    "51": [
        -208.26918471370436,
        962.6571875974764
    ],
    "52": [
        -85.111025626488,
        971.5484396190841
    ],
    "53": [
        -283.2207860447468,
        -1163.0305880286514
    ],
    "54": [
        -117.76993294482448,
        -1163.18991115344
    ],
    "55": [
        -378.1757710843224,
        -1224.8217377028895
    ],
    "56": [
        -513.5700995108645,
        -1204.678683911686
    ],
    "57": [
        -382.2724028635516,
        -1247.72827600388
    ],
    "58": [
        -396.4853076704124,
        -1254.6344089479617
    ],
    "59": [
        -462.54695672093015,
        -1245.6303767106253
    ],
    "60": [
        -496.1631539881758,
        -1236.1579788914012
    ],
    "61": [
        -512.5336001035572,
        -1234.4663675386562
    ],
    "62": [
        -240.58323172234307,
        -379.4804527011639
    ],
    "63": [
        -305.76251512625964,
        242.42812806972856
    ],
    "64": [
        -215.4769474702119,
        -1308.5912882924629
    ],
    "65": [
        -226.49448234387182,
        -1297.8793686182887
    ],
    "66": [
        -251.53848536448368,
        -1294.4123127842913
    ],
    "67": [
        -261.2712593915199,
        -1304.2413375238755
    ],
    "68": [
        -312.6785849186968,
        -1296.6225050010546
    ],
    "69": [
        -304.0358453606498,
        -1286.5474898930943
    ],
    "70": [
        -294.3495623252653,
        -1295.8037486555936
    ],
    "71": [
        -435.68054248731323,
        241.91964236086437
    ],
    "72": [
        -242.7428022547756,
        -1261.0624259396952
    ],
    "73": [
        -287.6975126347586,
        -372.725696193428
    ],
    "74": [
        -260.1401497299363,
        -409.4395507147267
    ],
    "75": [
        -407.3175105101148,
        -996.796325958028
    ],
    "76": [
        -228.15143312175397,
        -1093.1874612933068
    ],
    "77": [
        -424.3599002873057,
        -1247.3748124229708
    ],
    "78": [
        -526.1459120003246,
        815.9040600243911
    ],
    "79": [
        -331.1365188447724,
        235.52228274236677
    ],
    "80": [
        -345.534168114092,
        241.1718686352499
    ],
    "81": [
        -326.80617209504436,
        244.12695158226128
    ],
    "82": [
        -301.1438287885307,
        209.7214366492495
    ],
    "83": [
        -217.73883394953899,
        -1264.6644828794451
    ],
    "84": [
        -213.72722953409354,
        -1252.7284521146817
    ],
    "85": [
        -293.3299086624845,
        -1152.7754858294186
    ],
    "86": [
        -355.4712025526285,
        -1140.8369506071258
    ],
    "87": [
        -361.5710605921921,
        -1110.3443284707414
    ],
    "88": [
        -360.3100558870431,
        -1125.241894685559
    ],
    "89": [
        -363.58863204537647,
        -1147.4270964511543
    ],
    "90": [
        -497.1131884994418,
        -1093.8972376695167
    ],
    "91": [
        -492.7453972231195,
        -1066.6661586313578
    ],
    "92": [
        -483.5405391184878,
        -1029.1879971485796
    ],
    "93": [
        -228.21493106287554,
        -1143.9063291934224
    ],
    "94": [
        -237.48559375726623,
        -1138.2126850590091
    ],
    "95": [
        -444.8381008536721,
        -1251.082406930238
    ],
    "96": [
        -296.4328715238604,
        -1232.8601296435704
    ],
    "97": [
        -287.23030308623044,
        -1242.0830692741645
    ],
    "98": [
        -296.12590103009876,
        -1252.1525441515748
    ],
    "99": [
        -228.97523765980085,
        -1254.81821493216
    ],
    "100": [
        -496.6220538738196,
        -1117.4791368242659
    ],
    "101": [
        -489.0587181405233,
        -1077.2152331363152
    ],
    "102": [
        -376.9130385299001,
        -1233.900137618247
    ],
    "103": [
        -511.51927962380205,
        -1215.6530981213973
    ],
    "104": [
        -365.2795326787542,
        -1137.7872937683228
    ],
    "105": [
        -369.312669719772,
        -979.7345641734124
    ],
    "106": [
        -346.2185629664597,
        -1007.703069656495
    ],
    "107": [
        -391.6458257664573,
        -1002.9843303567162
    ],