{
    "0": [
        17.299875211671,
        -42.1066047949171,
        "go"
    ],
    "1": [
        17.2568264601411,
        -42.1968644480945,
        "go"
    ],
    "2": [
        17.2137777086112,
        -42.287124101272,
        "go"
    ],
    "3": [
        17.1707289570813,
        -42.3773837544495,
        "go"
    ],
    "4": [
        17.1276802055514,
        -42.4676434076269,
        "go"
    ],
    "5": [
        17.0846314540215,
        -42.5579030608044,
        "go"
    ],
    "6": [
        17.0415827024916,
        -42.6481627139819,
        "go"
    ],
    "7": [
        16.9985339509617,
        -42.7384223671594,
        "go"
    ],
    "8": [
        16.9554851994318,
        -42.8286820203368,
        "go"
    ],
    "9": [
        16.9124364479019,
        -42.9189416735143,
        "go"
    ],
    "10": [
        16.869387696372,
        -43.0092013266918,
        "go"
    ],
    "11": [
        16.8263389448422,
        -43.0994609798692,
        "go"
    ],
    "12": [
        16.7832901933123,
        -43.1897206330467,
        "go"
    ],
    "13": [
        16.7402414417824,
        -43.2799802862242,
        "go"
    ],
    "14": [
        16.6971926902525,
        -43.3702399394017,
        "go"
    ],
    "15": [
        16.6541439387226,
        -43.4604995925791,
        "go"
    ],
    "16": [
        16.6110951871927,
        -43.5507592457566,
        "go"
    ],
    "17": [
        16.5680464356628,
        -43.6410188989341,
        "go"
    ],
    "18": [
        16.5249976841329,
        -43.7312785521115,
        "go"
    ],
    "19": [
        16.481948932603,
        -43.821538205289,
        "go"
    ],
    "20": [
        16.4389001810731,
        -43.9117978584665,
        "go"
    ],
    "21": [
        16.3958514295432,
        -44.002057511644,
        "go"
    ],
    "22": [
        16.3528026780133,
        -44.0923171648214,
        "go"
    ],
    "23": [
        16.3097539264834,
        -44.1825768179989,
        "go"
    ],
    "24": [
        16.2667051749535,
        -44.2728364711764,
        "go"
    ],
    "25": [
        16.2236564234236,
        -44.3630961243538,
        "go"
    ],
    "26": [
        16.1806076718937,
        -44.4533557775313,
        "go"
    ],
    "27": [
        16.1375589203638,
        -44.5436154307088,
        "go"
    ],
    "28": [
        16.0945101688339,
        -44.6338750838863,
        "go"
    ],
    "29": [
        16.0514614173041,
        -44.7241347370637,
        "go"
    ],
    "30": [
        16.0084126657742,
        -44.8143943902412,
        "go"
    ],
    "31": [
        15.9653639142443,
        -44.9046540434187,
        "go"
    ],
    "32": [
        15.9223151627144,
        -44.9949136965961,
        "go"
    ],
    "33": [
        15.8792664111845,
        -45.0851733497736,
        "go"
    ],
    "34": [
        15.8362176596546,
        -45.1754330029511,
        "go"
    ],
    "35": [
        15.7931689081247,
        -45.2656926561285,
        "go"
    ],
    "36": [
        15.7501201565948,
        -45.355952309306,
        "go"
    ],
    "37": [
        15.7070714050649,
        -45.4462119624835,
        "go"
    ],
    "38": [
        15.664022653535,
        -45.536471615661,
        "go"
    ],
    "39": [
        15.6209739020051,
        -45.6267312688384,
        "go"
    ],
    "40": [
        15.5779251504752,
        -45.7169909220159,
        "go"
    ],
    "41": [
        15.5348763989453,
        -45.8072505751934,
        "go"
    ],
    "42": [
        15.4918276474154,
        -45.8975102283709,
        "go"
    ],
    "43": [
        15.4487788958855,
        -45.9877698815483,
        "go"
    ],
    "44": [
        15.4057301443556,
        -46.0780295347258,
        "go"
    ],
    "45": [
        15.3626813928257,
        -46.1682891879033,
        "go"
    ],
    "46": [
        15.3196326412958,
        -46.2585488410807,
        "go"
    ],
    "47": [
        15.276583889766,
        -46.3488084942582,
        "go"
    ],
    "48": [
        15.2335351382361,
        -46.4390681474357,
        "go"
    ],
    "49": [
        15.1904863867062,
        -46.5293278006132,
        "go"
    ],
    "50": [
        15.1474376351763,
        -46.6195874537906,
        "go"
    ],
    "51": [
        15.1043888836464,
        -46.7098471069681,
        "go"
    ],
    "52": [
        15.0613401321165,
        -46.8001067601456,
        "go"
    ],
    "53": [
        15.0182913805866,
        -46.890366413323,
        "go"
    ],
    "54": [
        14.9752426290567,
        -46.9806260665005,
        "go"
    ],
    "55": [
        14.9321938775268,
        -47.070885719678,
        "go"
    ],
    "56": [
        14.8891451259969,
        -47.1611453728555,
        "go"
    ],
    "57": [
        14.846096374467,
        -47.2514050260329,
        "go"
    ],
    "58": [
        14.8030476229371,
        -47.3416646792104,
        "go"
    ],
    "59": [
        14.7599988714072,
        -47.4319243323879,
        "go"
    ],
    "60": [
        14.7169501198773,
        -47.5221839855653,
        "go"
    ],
    "61": [
        14.6739013683474,
        -47.6124436387428,
        "go"
    ],
    "62": [
        14.6308526168175,
        -47.7027032919203,
        "go"
    ],
    "63": [
        14.5878038652876,
        -47.7929629450978,
        "go"
    ],
    "64": [
        14.5447551137577,
        -47.8832225982752,
        "go"
    ],
    "65": [
        14.5017063622279,
        -47.9734822514527,
        "go"
    ],
    "66": [
        14.458657610698,
        -48.0637419046302,
        "go"
    ],
    "67": [
        14.4156088591681,
        -48.1540015578076,
        "go"
    ],
    "68": [
        14.3725601076382,
        -48.2442612109851,
        "go"
    ],
    "69": [
        14.3295113561083,
        -48.3345208641626,
        "go"
    ],
    "70": [
        14.2864626045784,
        -48.42478051734,
        "go"
    ],
    "71": [
        14.2434138530485,
        -48.5150401705175,
        "go"
    ],
    "72": [
        14.2003651015186,
        -48.605299823695,
        "go"
    ],
    "73": [
        14.1573163499887,
        -48.6955594768725,
        "go"
    ],
    "74": [
        14.1142675984588,
        -48.7858191300499,
        "go"
    ],
    "75": [
        14.0712188469289,
        -48.8760787832274,
        "go"
    ],
    "76": [
        14.028170095399,
        -48.9663384364049,
        "go"
    ],
    "77": [
        13.9851213438691,
        -49.0565980895824,
        "go"
    ],
    "78": [
        13.9420725923392,
        -49.1468577427598,
        "go"
    ],
    "79": [
        13.8990238408093,
        -49.2371173959373,
        "go"
    ],
    "80": [
        13.8559750892794,
        -49.3273770491148,
        "go"
    ],
    "81": [
        13.8129263377495,
        -49.4176367022922,
        "go"
    ],
    "82": [
        13.7698775862197,
        -49.5078963554697,
        "go"
    ],
    "83": [
        13.7268288346898,
        -49.5981560086472,
        "go"
    ],
    "84": [
        13.6837800831599,
        -49.6884156618247,
        "go"
    ],
    "85": [
        13.64073133163,
        -49.7786753150021,
        "go"
    ],
    "86": [
        13.5976825801001,
        -49.8689349681796,
        "go"
    ],
    "87": [
        13.5546338285702,
        -49.9591946213571,
        "go"
    ],
    "88": [
        13.5115850770403,
        -50.0494542745345,
        "go"
    ],
    "89": [
        13.4685363255104,
        -50.139713927712,
        "go"
    ],
    "90": [
        13.4254875739805,
        -50.2299735808895,
        "go"
    ],
    "91": [
        13.3824388224506,
        -50.320233234067,
        "go"
    ],
    "92": [
        13.3393900709207,
        -50.4104928872444,
        "go"
    ],
    "93": [
        13.2963413193908,
        -50.5007525404219,
        "go"
    ],