{
    "-105038": [
        48.281628329378094,
        89.30024635834144
    ],
    "-105044": [
        62.96658440321415,
        99.17777861552082
    ],
    "-105049": [
        54.68787970537092,
        112.10717233952636
    ],
    "-105058": [
        73.77371059322185,
        137.14495247891776
    ],
    "-105059": [
        82.78870735458361,
        142.4167016078479
    ],
    "-105060": [
        72.66440767181382,
        156.56686717477064
    ],
    "-105061": [
        65.74347616441376,
        149.60821205371292
    ],
    "-105062": [
        119.92966393038951,
        263.64326283490055
    ],
    "-105065": [
        118.18014411442277,
        373.78222531891697
    ],
    "-105066": [
        121.037193132942,
        373.92654319713176
    ],
    "-105068": [
        118.47246210562606,
        408.197892170586
    ],
    "-105069": [
        121.42710398690286,
        408.07585364277287
    ],
    "-105072": [
        108.51714145736821,
        411.81578617452715
    ],
    "-105073": [
        105.66010441282043,
        411.72696377884034
    ],
    "-105074": [
        106.53005283472159,
        378.9982452986336
    ],
    "-105075": [
        103.610895111735,
        378.8872263250606
    ],
    "-105077": [
        97.50978137827519,
        86.89235509728672
    ],
    "-105083": [
        91.52060819855717,
        69.33486992984623
    ],
    "-105084": [
        86.94195761934941,
        79.44531909520721
    ],
    "-105088": [
        94.45402483002255,
        389.18629112482694
    ],
    "-105089": [
        94.48067809598433,
        386.0898806368781
    ],
    "-105092": [
        133.61848117822367,
        398.0654200784977
    ],
    "-105093": [
        133.78701867194928,
        400.9398686703512
    ],
    "-105096": [
        101.08184229632744,
        403.6473837089226
    ],
    "-105097": [
        101.40122457270985,
        406.83258440181146
    ],
    "-105109": [
        103.23661281369411,
        511.0007601477471
    ],
    "-105113": [
        47.632205731741806,
        386.31144931342067
    ],
    "-105114": [
        44.863887236336694,
        386.27813933269385
    ],
    "-105116": [
        127.63842420238379,
        384.05933986989965
    ],
    "-105117": [
        127.3900300502321,
        381.10720253962353
    ]
}
